Nombre,Simbolo,Precio_Bs,Variacion
"BCO. CARIBE ""A""",ABC.A,"2400,0000",-100
"ARCA INM.VAL.""B""",ARC.B,"1284,4500",0
BCO.NAC.CREDITO,BNC,"240,4000",-0.08
BCO. PROVINCIAL,BPV,"81,0000",1
BOLSA V. CCAS.,BVCC,"950,0000",-29
B.DE VENEZUELA,BVL,"1845,0000",-15
"C.CAPITAL ""B""",CCP.B,"370,0000",0
CR.CARABOBO,CCR,"7199,0000",0
CORP.GPO.QUIM.,CGQ,"2190,0000",0
CORIMON C.A.,CRM.A,"650,0000",0
DOMINGUEZ & CIA,DOM,"800,0000",0
PRODUCTOS EFE,EFE,"98,0000",0
ENVASES VZLOS.,ENV,"900,0000",1
FAB.N.CEMENTOS,FNC,"2150,0000",0
F.NAC. VIDRIO,FNV,"80,0000",0
G.MANTRA CLASE B,GMC.B,"5200,0300",0
GRUPO ZULIANO,GZL,"894,0000",0
I.CRECEPYMES -B-,ICP.B,"115,3000",0
"INVACA I. C. ""A""",IVC.A,"875,0000",0
"INVACA I. C. ""B""",IVC.B,"606,0100",0
"MANPA, C.A. SACA",MPA,"114,0000",0
"MONTESCO  ""B""",MTC.B,"257,0000",0
MERCANTIL S.(A),MVZ.A,"9705,0000",4.99
MERCANTIL S.(B),MVZ.B,"8750,0000",0
"F.PETROLIA ""B""",PCP.B,"210,0000",10
PROAGRO,PGR,"112,0000",1
"PIVCA CLASE ""B""",PIV.B,"50.480,0000",0
PROTINAL,PTN,"1000,0000",0
RON STA. TERESA,RST,"605,0100",-5.79
"R.S.TERESA ""B""",RST.B,"425,0000",-7
"SIVENSA, S.A.",SVS,"970,0000",-1
CANTV CLASE (D),TDV.D,"875,0000",-30
T. PALO GRANDE,TPG,"10,5000",0
"VENEALTERNA  ""B""",VNA.B,"44,9000",0
